V, 735116831, /sum 2 2 2 2
V, 735116831, /sum 2 2
V, 735116831, /Hi
V, 735116831, /sum
V, 735116831, /sub 2 2
V, 735116831, /sum 2 2 3 3
V, 735116831, /sub 2 2 3 3
V, 735116831, /mult 2 2
V, 735116831, /mult 2 2 2 2
V, 735116831, /mult 2 2 3 3
V, 735116831, /div 2 2
V, 735116831, /div 2.2 4.2
V, 735116831, /sum 2.2 4.2
V, 735116831, /sum 2.2 4.2
V, 735116831, /sum 2.2 4.2
V, 735116831, /sum 2.2 4.2
V, 735116831, /sum 2.2 4.2
V, 735116831, /sum 2.2 4.2
V, 735116831, /sub 2.2 4.2
V, 735116831, /mult 2.2 4.2
V, 735116831, /div 2.2 4.2
V, 735116831, /div 2.2 4.2
V, 735116831, /div 2.2 4.2 2 2
V, 735116831, /div 2.2 4.2 2 2
V, 735116831, /div 2.2 4.2 0 0
V, 735116831, /div 2.2 4.2 2 2
V, 735116831, /div 2.2 4.2 2 0
V, 735116831, /div 2.2 4.2 0 5
V, 735116831, /div 2.2 4.2 0 5
V, 735116831, /sqrt 2 2
V, 735116831, /sqrt 2 2
V, 735116831, /sqrt 2 2 2
V, 735116831, /sqrt 2.2 3
V, 735116831, /sqrt 2.2 3.1
V, 735116831, /sqrt 2 2.2 3.2
Lyubov, 520137171, /start
Lyubov, 520137171, /menu
V, 735116831, /start
V, 735116831, /menu
V, 735116831, /start
V, 735116831, /menu
Lyubov, 520137171, /sum 1 1
V, 735116831, /sum 23 7
V, 735116831, /sum 23 -3
Lyubov, 520137171, /sum 25 34
Lyubov, 520137171, /mult 5 5
Lyubov, 520137171, /div 10 2
V, 735116831, /sum 2 2
V, 735116831, /sum 2 2
